filename,width,height,class,xmin,ymin,xmax,ymax
plutei_canvas_canvas_c135_jpg.rf.935346a38f7d63687d003a73b03ca08f.jpg,640,640,CustomZone-Poem,356,67,546,564
plutei_canvas_canvas_c135_jpg.rf.935346a38f7d63687d003a73b03ca08f.jpg,640,640,CustomZone-Poem,150,79,353,559
plutei_canvas_canvas_c135_jpg.rf.935346a38f7d63687d003a73b03ca08f.jpg,640,640,DropCapitalZone,346,265,375,324
plutei_canvas_canvas_c138_jpg.rf.9ce1f7d0dfcced7420b773f3cc1b00f0.jpg,640,640,CustomZone-Poem,99,72,300,565
plutei_canvas_canvas_c138_jpg.rf.9ce1f7d0dfcced7420b773f3cc1b00f0.jpg,640,640,CustomZone-Poem,306,68,501,560
plutei_canvas_canvas_c138_jpg.rf.9ce1f7d0dfcced7420b773f3cc1b00f0.jpg,640,640,DropCapitalZone,278,334,324,392
plutei_canvas_canvas_c59_jpg.rf.a96f9077ca39a84d5ab024992ab7b35d.jpg,640,640,CustomZone-Poem,131,62,327,554
plutei_canvas_canvas_c59_jpg.rf.a96f9077ca39a84d5ab024992ab7b35d.jpg,640,640,CustomZone-Poem,335,54,525,550
plutei_canvas_canvas_c64_jpg.rf.08630304b10cd7b0dbec5752a9b2884d.jpg,640,640,CustomZone-Poem,300,78,486,563
plutei_canvas_canvas_c64_jpg.rf.08630304b10cd7b0dbec5752a9b2884d.jpg,640,640,CustomZone-Poem,103,75,291,552
plutei_canvas_canvas_c64_jpg.rf.08630304b10cd7b0dbec5752a9b2884d.jpg,640,640,DropCapitalZone,280,88,324,140


plutei_canvas_canvas_c69_jpg.rf.103efabcc5fddb1d10e1d3a5a04251c5.jpg,640,640,CustomZone-Poem,355,62,540,553
plutei_canvas_canvas_c69_jpg.rf.103efabcc5fddb1d10e1d3a5a04251c5.jpg,640,640,CustomZone-Poem,162,74,353,563
plutei_canvas_canvas_c22_jpg.rf.b2a3c36cb81a678b30eaf11251aef700.jpg,640,640,CustomZone-Poem,116,72,303,557
plutei_canvas_canvas_c22_jpg.rf.b2a3c36cb81a678b30eaf11251aef700.jpg,640,640,CustomZone-Poem,310,73,494,563
plutei_canvas_canvas_c22_jpg.rf.b2a3c36cb81a678b30eaf11251aef700.jpg,640,640,DropCapitalZone,106,276,144,324
plutei_canvas_canvas_c68_jpg.rf.14dcc579d1f2248c3e27c011bea5da9d.jpg,640,640,CustomZone-Poem,292,79,488,559
plutei_canvas_canvas_c68_jpg.rf.14dcc579d1f2248c3e27c011bea5da9d.jpg,640,640,CustomZone-Poem,98,78,283,549
plutei_canvas_canvas_c68_jpg.rf.14dcc579d1f2248c3e27c011bea5da9d.jpg,640,640,DropCapitalZone,270,484,301,542
plutei_canvas_canvas_c165_jpg.rf.80adf60747b457542610b5bd16cdaad2.jpg,640,640,CustomZone-Poem,158,69,353,556
plutei_canvas_canvas_c165_jpg.rf.80adf60747b457542610b5bd16cdaad2.jpg,640,640,CustomZone-Poem,359,76,538,564

plutei_canvas_canvas_c76_jpg.rf.f52a0374d7ce0d5e81846dfe39ba18c8.jpg,640,640,CustomZone-Poem,304,79,492,552
plutei_canvas_canvas_c76_jpg.rf.f52a0374d7ce0d5e81846dfe39ba18c8.jpg,640,640,CustomZone-Poem,103,76,288,547
plutei_canvas_canvas_c76_jpg.rf.f52a0374d7ce0d5e81846dfe39ba18c8.jpg,640,640,DropCapitalZone,271,176,329,257
plutei_canvas_canvas_c16_jpg.rf.292e59acc876cdf18d0f9ac40b3cb3c7.jpg,640,640,CustomZone-Poem,105,79,297,565
plutei_canvas_canvas_c16_jpg.rf.292e59acc876cdf18d0f9ac40b3cb3c7.jpg,640,640,DropCapitalZone,295,151,326,212
plutei_canvas_canvas_c16_jpg.rf.292e59acc876cdf18d0f9ac40b3cb3c7.jpg,640,640,CustomZone-Poem,300,82,490,560

plutei_canvas_canvas_c112_jpg.rf.d4c9f61a713ddd916a6d80a955b66582.jpg,640,640,CustomZone-Poem,105,77,298,552
plutei_canvas_canvas_c112_jpg.rf.d4c9f61a713ddd916a6d80a955b66582.jpg,640,640,CustomZone-Poem,299,75,505,562

plutei_canvas_canvas_c9_jpg.rf.da11c10335c534b9c2c9a8794d52e419.jpg,640,640,CustomZone-Poem,135,65,325,550
plutei_canvas_canvas_c9_jpg.rf.da11c10335c534b9c2c9a8794d52e419.jpg,640,640,CustomZone-Poem,332,59,513,550
plutei_canvas_canvas_c9_jpg.rf.da11c10335c534b9c2c9a8794d52e419.jpg,640,640,DropCapitalZone,111,247,172,336

plutei_canvas_canvas_c38_jpg.rf.ac22608fc69f77b948b46425c5e42782.jpg,640,640,CustomZone-Poem,311,69,500,560
plutei_canvas_canvas_c38_jpg.rf.ac22608fc69f77b948b46425c5e42782.jpg,640,640,CustomZone-Poem,119,78,305,556
plutei_canvas_canvas_c158_jpg.rf.b8fa75cc8da7a70101006f8fe727d9e2.jpg,640,640,CustomZone-Poem,297,63,481,566
plutei_canvas_canvas_c158_jpg.rf.b8fa75cc8da7a70101006f8fe727d9e2.jpg,640,640,CustomZone-Poem,94,66,293,552
plutei_canvas_canvas_c158_jpg.rf.b8fa75cc8da7a70101006f8fe727d9e2.jpg,640,640,DropCapitalZone,93,273,118,332
plutei_canvas_canvas_c75_jpg.rf.709034fa88f7337e7e739bf2d79d23fa.jpg,640,640,CustomZone-Poem,334,64,520,553
plutei_canvas_canvas_c75_jpg.rf.709034fa88f7337e7e739bf2d79d23fa.jpg,640,640,CustomZone-Poem,135,61,328,561
plutei_canvas_canvas_c75_jpg.rf.709034fa88f7337e7e739bf2d79d23fa.jpg,640,640,DropCapitalZone,112,81,179,162
plutei_canvas_canvas_c65_jpg.rf.308bf699a2a2150178a6b7198fb2cfa8.jpg,640,640,CustomZone-Poem,342,61,536,549
plutei_canvas_canvas_c65_jpg.rf.308bf699a2a2150178a6b7198fb2cfa8.jpg,640,640,CustomZone-Poem,139,62,338,547


plutei_canvas_canvas_c160_jpg.rf.3c2170cb2f03c67c15cf55b41500c9b9.jpg,640,640,CustomZone-Poem,295,63,492,551
plutei_canvas_canvas_c160_jpg.rf.3c2170cb2f03c67c15cf55b41500c9b9.jpg,640,640,CustomZone-Poem,90,71,284,556
plutei_canvas_canvas_c162_jpg.rf.8d789ef3a79ae7391c370965a87d0ca8.jpg,640,640,CustomZone-Poem,92,75,281,556
plutei_canvas_canvas_c162_jpg.rf.8d789ef3a79ae7391c370965a87d0ca8.jpg,640,640,CustomZone-Poem,290,73,480,560
plutei_canvas_canvas_c24_jpg.rf.f75c2b3ced525037811ca3491a038e43.jpg,640,640,CustomZone-Poem,121,81,309,555
plutei_canvas_canvas_c24_jpg.rf.f75c2b3ced525037811ca3491a038e43.jpg,640,640,CustomZone-Poem,317,75,500,555

plutei_canvas_canvas_c29_jpg.rf.df1cef01ac50598dfb1c08a1ba8b98b1.jpg,640,640,CustomZone-Poem,333,66,517,552
plutei_canvas_canvas_c29_jpg.rf.df1cef01ac50598dfb1c08a1ba8b98b1.jpg,640,640,CustomZone-Poem,124,66,324,543
plutei_canvas_canvas_c29_jpg.rf.df1cef01ac50598dfb1c08a1ba8b98b1.jpg,640,640,DropCapitalZone,307,47,363,105
plutei_canvas_canvas_c61_jpg.rf.bfe6127400d96d1610ea2a81889d6614.jpg,640,640,CustomZone-Poem,337,60,524,553
plutei_canvas_canvas_c61_jpg.rf.bfe6127400d96d1610ea2a81889d6614.jpg,640,640,CustomZone-Poem,130,58,331,544
plutei_canvas_canvas_c61_jpg.rf.bfe6127400d96d1610ea2a81889d6614.jpg,640,640,DropCapitalZone,321,96,358,139
plutei_canvas_canvas_c116_jpg.rf.84664c7c3f0079b829ee073c0adc664c.jpg,640,640,CustomZone-Poem,103,72,297,556
plutei_canvas_canvas_c116_jpg.rf.84664c7c3f0079b829ee073c0adc664c.jpg,640,640,CustomZone-Poem,307,75,500,562
plutei_canvas_canvas_c116_jpg.rf.84664c7c3f0079b829ee073c0adc664c.jpg,640,640,DropCapitalZone,106,480,141,524
plutei_canvas_canvas_c152_jpg.rf.ef33aa96210b896d6d6aa3feb21d3c8c.jpg,640,640,CustomZone-Poem,297,66,483,555
plutei_canvas_canvas_c152_jpg.rf.ef33aa96210b896d6d6aa3feb21d3c8c.jpg,640,640,CustomZone-Poem,101,74,287,556
plutei_canvas_canvas_c74_jpg.rf.e4a39af19a157de84fa10c35afb5b7cb.jpg,640,640,CustomZone-Poem,116,77,302,547
plutei_canvas_canvas_c74_jpg.rf.e4a39af19a157de84fa10c35afb5b7cb.jpg,640,640,CustomZone-Poem,311,84,497,555

plutei_canvas_canvas_c60_jpg.rf.0b4f4e9addfdc557539847b8b287559d.jpg,640,640,CustomZone-Poem,110,74,296,554
plutei_canvas_canvas_c60_jpg.rf.0b4f4e9addfdc557539847b8b287559d.jpg,640,640,CustomZone-Poem,304,76,492,565
plutei_canvas_canvas_c60_jpg.rf.0b4f4e9addfdc557539847b8b287559d.jpg,640,640,DropCapitalZone,101,65,160,119
plutei_canvas_canvas_c107_jpg.rf.9c65eeb41972984d5ef4c4264b1dbfba.jpg,640,640,CustomZone-Poem,130,66,325,550
plutei_canvas_canvas_c107_jpg.rf.9c65eeb41972984d5ef4c4264b1dbfba.jpg,640,640,CustomZone-Poem,331,62,540,549
plutei_canvas_canvas_c95_jpg.rf.afca99e72265e0509b68778c9b38b802.jpg,640,640,CustomZone-Poem,340,64,534,551
plutei_canvas_canvas_c95_jpg.rf.afca99e72265e0509b68778c9b38b802.jpg,640,640,CustomZone-Poem,138,65,334,556
plutei_canvas_canvas_c95_jpg.rf.afca99e72265e0509b68778c9b38b802.jpg,640,640,DropCapitalZone,101,416,175,507
plutei_canvas_canvas_c49_jpg.rf.1bbb081dd35845452f8c6d7784f0993e.jpg,640,640,CustomZone-Poem,335,59,525,548
plutei_canvas_canvas_c49_jpg.rf.1bbb081dd35845452f8c6d7784f0993e.jpg,640,640,CustomZone-Poem,129,55,326,551
plutei_canvas_canvas_c49_jpg.rf.1bbb081dd35845452f8c6d7784f0993e.jpg,640,640,DropCapitalZone,308,482,352,548
plutei_canvas_canvas_c131_jpg.rf.da9616f134e550030e3627b64eb2acae.jpg,640,640,CustomZone-Poem,149,69,351,554
plutei_canvas_canvas_c131_jpg.rf.da9616f134e550030e3627b64eb2acae.jpg,640,640,CustomZone-Poem,353,72,555,556

plutei_canvas_canvas_c141_jpg.rf.8968e343e52455f546e86bc8bb5d4122.jpg,640,640,CustomZone-Poem,150,73,352,567
plutei_canvas_canvas_c141_jpg.rf.8968e343e52455f546e86bc8bb5d4122.jpg,640,640,CustomZone-Poem,352,74,543,570
plutei_canvas_canvas_c34_jpg.rf.62a3c13e2faf6f50097f901758df30d1.jpg,640,640,CustomZone-Poem,115,76,299,559
plutei_canvas_canvas_c34_jpg.rf.62a3c13e2faf6f50097f901758df30d1.jpg,640,640,CustomZone-Poem,313,82,493,565
plutei_canvas_canvas_c34_jpg.rf.62a3c13e2faf6f50097f901758df30d1.jpg,640,640,DropCapitalZone,280,469,323,520
plutei_canvas_canvas_c114_jpg.rf.7c4ddf8dcc9af5a82377ffcd78b41e37.jpg,640,640,CustomZone-Poem,107,71,297,555
plutei_canvas_canvas_c114_jpg.rf.7c4ddf8dcc9af5a82377ffcd78b41e37.jpg,640,640,CustomZone-Poem,302,71,512,561
plutei_canvas_canvas_c114_jpg.rf.7c4ddf8dcc9af5a82377ffcd78b41e37.jpg,640,640,DropCapitalZone,280,291,319,367
plutei_canvas_canvas_c161_jpg.rf.ffa2b39eaf3645e0441089e764b9a8da.jpg,640,640,CustomZone-Poem,149,62,348,544
plutei_canvas_canvas_c161_jpg.rf.ffa2b39eaf3645e0441089e764b9a8da.jpg,640,640,DropCapitalZone,311,47,376,105
plutei_canvas_canvas_c161_jpg.rf.ffa2b39eaf3645e0441089e764b9a8da.jpg,640,640,CustomZone-Poem,354,62,551,553
plutei_canvas_canvas_c161_jpg.rf.ffa2b39eaf3645e0441089e764b9a8da.jpg,640,640,QuireMarkZone,284,563,425,596
plutei_canvas_canvas_c13_jpg.rf.022205ddb0639219a5422c867ac436ef.jpg,640,640,CustomZone-Poem,130,53,322,545
plutei_canvas_canvas_c13_jpg.rf.022205ddb0639219a5422c867ac436ef.jpg,640,640,CustomZone-Poem,334,54,534,549
plutei_canvas_canvas_c13_jpg.rf.022205ddb0639219a5422c867ac436ef.jpg,640,640,DropCapitalZone,322,448,364,519

plutei_canvas_canvas_c143_jpg.rf.05a39105eb8ec83e12a5b6fca2294948.jpg,640,640,CustomZone-Poem,355,66,546,564
plutei_canvas_canvas_c143_jpg.rf.05a39105eb8ec83e12a5b6fca2294948.jpg,640,640,CustomZone-Poem,139,68,342,562
plutei_canvas_canvas_c143_jpg.rf.05a39105eb8ec83e12a5b6fca2294948.jpg,640,640,DropCapitalZone,334,219,371,264
plutei_canvas_canvas_c53_jpg.rf.fb5495a20bb28c4799c1931b8866955a.jpg,640,640,CustomZone-Poem,133,66,330,546
plutei_canvas_canvas_c53_jpg.rf.fb5495a20bb28c4799c1931b8866955a.jpg,640,640,CustomZone-Poem,333,52,519,544
plutei_canvas_canvas_c53_jpg.rf.fb5495a20bb28c4799c1931b8866955a.jpg,640,640,DropCapitalZone,115,48,162,111
plutei_canvas_canvas_c127_jpg.rf.c542ec99646f6a1cae4d3a868dd9405c.jpg,640,640,CustomZone-Poem,141,64,337,547
plutei_canvas_canvas_c127_jpg.rf.c542ec99646f6a1cae4d3a868dd9405c.jpg,640,640,DropCapitalZone,327,287,362,335
plutei_canvas_canvas_c127_jpg.rf.c542ec99646f6a1cae4d3a868dd9405c.jpg,640,640,CustomZone-Poem,342,64,548,557

plutei_canvas_canvas_c10_jpg.rf.e20ec544401357eb1dd7378d459f0c3c.jpg,640,640,CustomZone-Poem,111,69,297,552
plutei_canvas_canvas_c10_jpg.rf.e20ec544401357eb1dd7378d459f0c3c.jpg,640,640,CustomZone-Poem,302,63,499,555
plutei_canvas_canvas_c10_jpg.rf.e20ec544401357eb1dd7378d459f0c3c.jpg,640,640,DropCapitalZone,295,244,331,305
plutei_canvas_canvas_c99_jpg.rf.3f3d9bf48d76fdbfb987ef8d5b5391ac.jpg,640,640,CustomZone-Poem,339,64,526,547
plutei_canvas_canvas_c99_jpg.rf.3f3d9bf48d76fdbfb987ef8d5b5391ac.jpg,640,640,CustomZone-Poem,133,70,332,559
plutei_canvas_canvas_c103_jpg.rf.3e743f1504ff69200ccdce530cbd1f11.jpg,640,640,CustomZone-Poem,146,58,345,582
plutei_canvas_canvas_c103_jpg.rf.3e743f1504ff69200ccdce530cbd1f11.jpg,640,640,DropCapitalZone,98,109,178,200
plutei_canvas_canvas_c103_jpg.rf.3e743f1504ff69200ccdce530cbd1f11.jpg,640,640,CustomZone-Poem,349,58,541,574

plutei_canvas_canvas_c8_jpg.rf.5a62382ff806a99111c147ba80055c30.jpg,640,640,CustomZone-Poem,311,71,494,564
plutei_canvas_canvas_c8_jpg.rf.5a62382ff806a99111c147ba80055c30.jpg,640,640,CustomZone-Poem,112,80,305,566
plutei_canvas_canvas_c119_jpg.rf.9b776b71417ad1ca5d80f32f76f6274f.jpg,640,640,CustomZone-Poem,133,66,336,557
plutei_canvas_canvas_c119_jpg.rf.9b776b71417ad1ca5d80f32f76f6274f.jpg,640,640,DropCapitalZone,329,175,365,237
plutei_canvas_canvas_c119_jpg.rf.9b776b71417ad1ca5d80f32f76f6274f.jpg,640,640,CustomZone-Poem,343,63,550,570
plutei_canvas_canvas_c121_jpg.rf.762ed0090398fb8b7617a443521195c9.jpg,640,640,CustomZone-Poem,135,69,334,550
plutei_canvas_canvas_c121_jpg.rf.762ed0090398fb8b7617a443521195c9.jpg,640,640,DropCapitalZone,117,341,169,401
plutei_canvas_canvas_c121_jpg.rf.762ed0090398fb8b7617a443521195c9.jpg,640,640,CustomZone-Poem,338,68,536,548
plutei_canvas_canvas_c140_jpg.rf.09459cbda0009480ccc97d8e64c34869.jpg,640,640,CustomZone-Poem,102,74,300,570
plutei_canvas_canvas_c140_jpg.rf.09459cbda0009480ccc97d8e64c34869.jpg,640,640,CustomZone-Poem,306,72,493,570
plutei_canvas_canvas_c140_jpg.rf.09459cbda0009480ccc97d8e64c34869.jpg,640,640,DropCapitalZone,89,477,128,528
plutei_canvas_canvas_c153_jpg.rf.bf26915d28bb9004bbef72350aefe16b.jpg,640,640,CustomZone-Poem,349,65,544,556
plutei_canvas_canvas_c153_jpg.rf.bf26915d28bb9004bbef72350aefe16b.jpg,640,640,CustomZone-Poem,149,72,348,562
plutei_canvas_canvas_c153_jpg.rf.bf26915d28bb9004bbef72350aefe16b.jpg,640,640,DropCapitalZone,321,90,372,161
plutei_canvas_canvas_c11_jpg.rf.298655a2f0d6256f5be392c88e6e5077.jpg,640,640,CustomZone-Poem,140,60,329,543
plutei_canvas_canvas_c11_jpg.rf.298655a2f0d6256f5be392c88e6e5077.jpg,640,640,CustomZone-Poem,334,56,517,539
plutei_canvas_canvas_c156_jpg.rf.aba273967e574c8296b7f2d749f49c4f.jpg,640,640,CustomZone-Poem,93,66,288,557
plutei_canvas_canvas_c156_jpg.rf.aba273967e574c8296b7f2d749f49c4f.jpg,640,640,CustomZone-Poem,296,71,515,563
plutei_canvas_canvas_c156_jpg.rf.aba273967e574c8296b7f2d749f49c4f.jpg,640,640,DropCapitalZone,259,160,320,219
plutei_canvas_canvas_c101_jpg.rf.690e2359b80da5ce2a23cda1bda622a5.jpg,640,640,CustomZone-Poem,145,65,344,547
plutei_canvas_canvas_c101_jpg.rf.690e2359b80da5ce2a23cda1bda622a5.jpg,640,640,DropCapitalZone,320,67,375,126
plutei_canvas_canvas_c101_jpg.rf.690e2359b80da5ce2a23cda1bda622a5.jpg,640,640,CustomZone-Poem,345,63,538,551

plutei_canvas_canvas_c37_jpg.rf.3f9d2004947d79c2deafe2dc91849fe0.jpg,640,640,CustomZone-Poem,330,64,514,554
plutei_canvas_canvas_c37_jpg.rf.3f9d2004947d79c2deafe2dc91849fe0.jpg,640,640,CustomZone-Poem,132,66,321,549
plutei_canvas_canvas_c37_jpg.rf.3f9d2004947d79c2deafe2dc91849fe0.jpg,640,640,QuireMarkZone,273,560,379,586
plutei_canvas_canvas_c37_jpg.rf.3f9d2004947d79c2deafe2dc91849fe0.jpg,640,640,DropCapitalZone,315,458,342,499
plutei_canvas_canvas_c134_jpg.rf.dc19cbc108995aff4b7297fa93b51c73.jpg,640,640,CustomZone-Poem,105,77,295,557
plutei_canvas_canvas_c134_jpg.rf.dc19cbc108995aff4b7297fa93b51c73.jpg,640,640,CustomZone-Poem,303,77,496,568
plutei_canvas_canvas_c134_jpg.rf.dc19cbc108995aff4b7297fa93b51c73.jpg,640,640,DropCapitalZone,102,63,144,117
plutei_canvas_canvas_c164_jpg.rf.607422c4690e05fc03fb0ba45a2cf90a.jpg,640,640,CustomZone-Poem,296,64,477,555
plutei_canvas_canvas_c164_jpg.rf.607422c4690e05fc03fb0ba45a2cf90a.jpg,640,640,CustomZone-Poem,96,77,289,556
plutei_canvas_canvas_c164_jpg.rf.607422c4690e05fc03fb0ba45a2cf90a.jpg,640,640,DropCapitalZone,101,110,136,162
plutei_canvas_canvas_c120_jpg.rf.6c36f49b1b1e71b317adea8ce09f97cc.jpg,640,640,CustomZone-Poem,110,74,300,560
plutei_canvas_canvas_c120_jpg.rf.6c36f49b1b1e71b317adea8ce09f97cc.jpg,640,640,CustomZone-Poem,307,75,493,557

plutei_canvas_canvas_c155_jpg.rf.05b29ecbe55e8bab24aec8c1da9ce944.jpg,640,640,CustomZone-Poem,154,73,352,552
plutei_canvas_canvas_c155_jpg.rf.05b29ecbe55e8bab24aec8c1da9ce944.jpg,640,640,CustomZone-Poem,351,74,542,561
plutei_canvas_canvas_c155_jpg.rf.05b29ecbe55e8bab24aec8c1da9ce944.jpg,640,640,DropCapitalZone,106,48,191,141

plutei_canvas_canvas_c105_jpg.rf.b581cb51130c1764163d6358c8c6b9e7.jpg,640,640,CustomZone-Poem,136,59,335,549
plutei_canvas_canvas_c105_jpg.rf.b581cb51130c1764163d6358c8c6b9e7.jpg,640,640,CustomZone-Poem,337,59,539,555
plutei_canvas_canvas_c163_jpg.rf.615dd5869a582daaf0bf25f94ba77584.jpg,640,640,CustomZone-Poem,163,73,382,192
plutei_canvas_canvas_c102_jpg.rf.aab36b529820df8ebadc5d89e6f64c83.jpg,640,640,CustomZone-Poem,106,77,299,565
plutei_canvas_canvas_c102_jpg.rf.aab36b529820df8ebadc5d89e6f64c83.jpg,640,640,CustomZone-Poem,302,78,496,566
plutei_canvas_canvas_c23_jpg.rf.2d92cfe039a488dcc6eff7dff0b58e65.jpg,640,640,CustomZone-Poem,337,59,523,551
plutei_canvas_canvas_c23_jpg.rf.2d92cfe039a488dcc6eff7dff0b58e65.jpg,640,640,CustomZone-Poem,139,58,327,550
plutei_canvas_canvas_c23_jpg.rf.2d92cfe039a488dcc6eff7dff0b58e65.jpg,640,640,DropCapitalZone,311,173,354,240



plutei_canvas_canvas_c66_jpg.rf.6a9c473ac09777ff888faaa4b22c903d.jpg,640,640,CustomZone-Poem,295,78,477,555
plutei_canvas_canvas_c66_jpg.rf.6a9c473ac09777ff888faaa4b22c903d.jpg,640,640,CustomZone-Poem,102,76,293,555
plutei_canvas_canvas_c66_jpg.rf.6a9c473ac09777ff888faaa4b22c903d.jpg,640,640,DropCapitalZone,87,148,130,202
plutei_canvas_canvas_c57_jpg.rf.af44b6f438174ccd9eb8e86a5f597c69.jpg,640,640,CustomZone-Poem,333,62,522,552
plutei_canvas_canvas_c57_jpg.rf.af44b6f438174ccd9eb8e86a5f597c69.jpg,640,640,CustomZone-Poem,135,60,324,555
plutei_canvas_canvas_c57_jpg.rf.af44b6f438174ccd9eb8e86a5f597c69.jpg,640,640,DropCapitalZone,115,127,186,213
plutei_canvas_canvas_c93_jpg.rf.6a1d7ce7fcf936077b7173c7a201cf5a.jpg,640,640,CustomZone-Poem,130,67,329,554
plutei_canvas_canvas_c93_jpg.rf.6a1d7ce7fcf936077b7173c7a201cf5a.jpg,640,640,CustomZone-Poem,337,63,536,556
plutei_canvas_canvas_c93_jpg.rf.6a1d7ce7fcf936077b7173c7a201cf5a.jpg,640,640,DropCapitalZone,325,435,357,487
plutei_canvas_canvas_c82_jpg.rf.ae82c597133193682486962de18769c3.jpg,640,640,CustomZone-Poem,111,83,289,553
plutei_canvas_canvas_c82_jpg.rf.ae82c597133193682486962de18769c3.jpg,640,640,CustomZone-Poem,300,88,495,557
plutei_canvas_canvas_c82_jpg.rf.ae82c597133193682486962de18769c3.jpg,640,640,DropCapitalZone,278,310,327,378
plutei_canvas_canvas_c77_jpg.rf.d668c4c2dd95e057884a4534b9d5fbd0.jpg,640,640,CustomZone-Poem,337,62,523,546
plutei_canvas_canvas_c77_jpg.rf.d668c4c2dd95e057884a4534b9d5fbd0.jpg,640,640,CustomZone-Poem,136,64,327,553
plutei_canvas_canvas_c125_jpg.rf.7ed61914d67e17474e16b4b421785fd7.jpg,640,640,CustomZone-Poem,128,69,337,567
plutei_canvas_canvas_c125_jpg.rf.7ed61914d67e17474e16b4b421785fd7.jpg,640,640,CustomZone-Poem,341,66,536,564
plutei_canvas_canvas_c118_jpg.rf.176ea10aa0ff663b330ba517eb06e8da.jpg,640,640,CustomZone-Poem,101,75,299,550
plutei_canvas_canvas_c118_jpg.rf.176ea10aa0ff663b330ba517eb06e8da.jpg,640,640,DropCapitalZone,101,110,136,163
plutei_canvas_canvas_c118_jpg.rf.176ea10aa0ff663b330ba517eb06e8da.jpg,640,640,CustomZone-Poem,304,74,499,552
plutei_canvas_canvas_c32_jpg.rf.456e438e3baae33ca89f0ad9040fdf2e.jpg,640,640,CustomZone-Poem,116,77,302,558
plutei_canvas_canvas_c32_jpg.rf.456e438e3baae33ca89f0ad9040fdf2e.jpg,640,640,CustomZone-Poem,312,78,488,563
plutei_canvas_canvas_c32_jpg.rf.456e438e3baae33ca89f0ad9040fdf2e.jpg,640,640,DropCapitalZone,94,339,143,393
plutei_canvas_canvas_c12_jpg.rf.8f6b98f3b99a57756961b07c3f7ce1bc.jpg,640,640,CustomZone-Poem,104,69,306,565
plutei_canvas_canvas_c12_jpg.rf.8f6b98f3b99a57756961b07c3f7ce1bc.jpg,640,640,DropCapitalZone,111,360,147,416
plutei_canvas_canvas_c12_jpg.rf.8f6b98f3b99a57756961b07c3f7ce1bc.jpg,640,640,CustomZone-Poem,307,65,508,565
plutei_canvas_canvas_c51_jpg.rf.ddb825da968e66639bafd056bd7d75ba.jpg,640,640,CustomZone-Poem,131,60,325,559
plutei_canvas_canvas_c51_jpg.rf.ddb825da968e66639bafd056bd7d75ba.jpg,640,640,CustomZone-Poem,334,58,522,549
plutei_canvas_canvas_c51_jpg.rf.ddb825da968e66639bafd056bd7d75ba.jpg,640,640,DropCapitalZone,105,503,172,582
plutei_canvas_canvas_c104_jpg.rf.9cf7aa4b63556d9e4211e57663425342.jpg,640,640,CustomZone-Poem,108,74,308,552
plutei_canvas_canvas_c104_jpg.rf.9cf7aa4b63556d9e4211e57663425342.jpg,640,640,CustomZone-Poem,298,230,340,279
plutei_canvas_canvas_c104_jpg.rf.9cf7aa4b63556d9e4211e57663425342.jpg,640,640,CustomZone-Poem,317,72,510,559
plutei_canvas_canvas_c19_jpg.rf.0db99e66d84ce5426311ba5c3bb43639.jpg,640,640,CustomZone-Poem,129,59,327,542
plutei_canvas_canvas_c19_jpg.rf.0db99e66d84ce5426311ba5c3bb43639.jpg,640,640,CustomZone-Poem,335,61,512,549
plutei_canvas_canvas_c19_jpg.rf.0db99e66d84ce5426311ba5c3bb43639.jpg,640,640,DropCapitalZone,300,37,361,107

plutei_canvas_canvas_c42_jpg.rf.4b551db30175b5eb5681302aaef2e1a4.jpg,640,640,CustomZone-Poem,117,74,303,555
plutei_canvas_canvas_c42_jpg.rf.4b551db30175b5eb5681302aaef2e1a4.jpg,640,640,CustomZone-Poem,313,73,501,568
plutei_canvas_canvas_c42_jpg.rf.4b551db30175b5eb5681302aaef2e1a4.jpg,640,640,DropCapitalZone,291,280,330,323


plutei_canvas_canvas_c56_jpg.rf.1209cf142f576570779da13534ab5448.jpg,640,640,CustomZone-Poem,125,64,308,181
plutei_canvas_canvas_c97_jpg.rf.f3075ee3973dd270d6fd27a48e34b1a9.jpg,640,640,CustomZone-Poem,146,63,339,553
plutei_canvas_canvas_c97_jpg.rf.f3075ee3973dd270d6fd27a48e34b1a9.jpg,640,640,CustomZone-Poem,341,60,532,553
plutei_canvas_canvas_c150_jpg.rf.f99fe2baea67178ccc9f29d412ca1b0a.jpg,640,640,CustomZone-Poem,300,76,506,572
plutei_canvas_canvas_c150_jpg.rf.f99fe2baea67178ccc9f29d412ca1b0a.jpg,640,640,CustomZone-Poem,100,70,289,557
plutei_canvas_canvas_c150_jpg.rf.f99fe2baea67178ccc9f29d412ca1b0a.jpg,640,640,DropCapitalZone,90,389,132,431
plutei_canvas_canvas_c159_jpg.rf.902cb4118fc3bd4116fc0a0d719753bd.jpg,640,640,CustomZone-Poem,154,64,353,552
plutei_canvas_canvas_c159_jpg.rf.902cb4118fc3bd4116fc0a0d719753bd.jpg,640,640,CustomZone-Poem,357,65,542,565
plutei_canvas_canvas_c159_jpg.rf.902cb4118fc3bd4116fc0a0d719753bd.jpg,640,640,DropCapitalZone,324,320,372,401
plutei_canvas_canvas_c18_jpg.rf.adc8f0c5f9555dead29306cd3707b6d8.jpg,640,640,CustomZone-Poem,116,80,304,551
plutei_canvas_canvas_c18_jpg.rf.adc8f0c5f9555dead29306cd3707b6d8.jpg,640,640,CustomZone-Poem,312,75,495,556
plutei_canvas_canvas_c18_jpg.rf.adc8f0c5f9555dead29306cd3707b6d8.jpg,640,640,DropCapitalZone,97,104,146,158
plutei_canvas_canvas_c41_jpg.rf.bf2a967581340c4263719456dd21f0c8.jpg,640,640,CustomZone-Poem,329,58,520,549
plutei_canvas_canvas_c41_jpg.rf.bf2a967581340c4263719456dd21f0c8.jpg,640,640,CustomZone-Poem,125,56,321,544
plutei_canvas_canvas_c41_jpg.rf.bf2a967581340c4263719456dd21f0c8.jpg,640,640,DropCapitalZone,92,137,162,222
plutei_canvas_canvas_c44_jpg.rf.70ef3879fa2f6bdb270ea146b433f43f.jpg,640,640,CustomZone-Poem,118,72,301,546
plutei_canvas_canvas_c44_jpg.rf.70ef3879fa2f6bdb270ea146b433f43f.jpg,640,640,CustomZone-Poem,312,72,497,555
plutei_canvas_canvas_c44_jpg.rf.70ef3879fa2f6bdb270ea146b433f43f.jpg,640,640,DropCapitalZone,106,278,147,349
plutei_canvas_canvas_c94_jpg.rf.8773ceb8713e9778c6a008aa22d4ce2a.jpg,640,640,CustomZone-Poem,91,75,291,559
plutei_canvas_canvas_c94_jpg.rf.8773ceb8713e9778c6a008aa22d4ce2a.jpg,640,640,CustomZone-Poem,300,75,486,564


plutei_canvas_canvas_c128_jpg.rf.d91783a5e409ccbc37042dc551fa0a95.jpg,640,640,CustomZone-Poem,97,73,290,547
plutei_canvas_canvas_c128_jpg.rf.d91783a5e409ccbc37042dc551fa0a95.jpg,640,640,CustomZone-Poem,291,70,477,547
plutei_canvas_canvas_c17_jpg.rf.06271cb742594ddb5a615560313aaaf0.jpg,640,640,CustomZone-Poem,135,60,330,545
plutei_canvas_canvas_c17_jpg.rf.06271cb742594ddb5a615560313aaaf0.jpg,640,640,CustomZone-Poem,339,59,524,521
plutei_canvas_canvas_c106_jpg.rf.a1c464b90daf595b3c61f41cb2b403ba.jpg,640,640,CustomZone-Poem,113,75,314,570
plutei_canvas_canvas_c106_jpg.rf.a1c464b90daf595b3c61f41cb2b403ba.jpg,640,640,DropCapitalZone,93,482,140,532
plutei_canvas_canvas_c106_jpg.rf.a1c464b90daf595b3c61f41cb2b403ba.jpg,640,640,CustomZone-Poem,310,73,505,576
plutei_canvas_canvas_c39_jpg.rf.e8cf5384845ceda6e10043ff012fd8d7.jpg,640,640,CustomZone-Poem,129,57,321,554
plutei_canvas_canvas_c39_jpg.rf.e8cf5384845ceda6e10043ff012fd8d7.jpg,640,640,CustomZone-Poem,334,60,520,546
plutei_canvas_canvas_c39_jpg.rf.e8cf5384845ceda6e10043ff012fd8d7.jpg,640,640,DropCapitalZone,326,68,358,151
plutei_canvas_canvas_c89_jpg.rf.42f9b61fb4dc2408972946bbf8babf21.jpg,640,640,CustomZone-Poem,335,62,530,557
plutei_canvas_canvas_c89_jpg.rf.42f9b61fb4dc2408972946bbf8babf21.jpg,640,640,CustomZone-Poem,132,66,330,562
plutei_canvas_canvas_c89_jpg.rf.42f9b61fb4dc2408972946bbf8babf21.jpg,640,640,DropCapitalZone,103,215,169,285


plutei_canvas_canvas_c0_jpg.rf.9288776f8a42e7dc6e4b471648fba1f0.jpg,640,640,CustomZone-Poem,130,66,302,484
plutei_canvas_canvas_c0_jpg.rf.9288776f8a42e7dc6e4b471648fba1f0.jpg,640,640,CustomZone-Poem,304,65,480,492
plutei_canvas_canvas_c0_jpg.rf.9288776f8a42e7dc6e4b471648fba1f0.jpg,640,640,DropCapitalZone,120,137,160,184
plutei_canvas_canvas_c129_jpg.rf.f3ec69f42567e393fe8fee5831d5f429.jpg,640,640,CustomZone-Poem,145,55,342,553
plutei_canvas_canvas_c129_jpg.rf.f3ec69f42567e393fe8fee5831d5f429.jpg,640,640,DropCapitalZone,140,360,185,441
plutei_canvas_canvas_c129_jpg.rf.f3ec69f42567e393fe8fee5831d5f429.jpg,640,640,CustomZone-Poem,350,55,548,559
plutei_canvas_canvas_c129_jpg.rf.f3ec69f42567e393fe8fee5831d5f429.jpg,640,640,QuireMarkZone,303,562,401,589
plutei_canvas_canvas_c87_jpg.rf.c835356c0251f2d6b6a9650d31f4d0b3.jpg,640,640,CustomZone-Poem,335,58,533,554
plutei_canvas_canvas_c87_jpg.rf.c835356c0251f2d6b6a9650d31f4d0b3.jpg,640,640,CustomZone-Poem,139,63,336,552
plutei_canvas_canvas_c87_jpg.rf.c835356c0251f2d6b6a9650d31f4d0b3.jpg,640,640,DropCapitalZone,314,213,354,279
plutei_canvas_canvas_c54_jpg.rf.048b82ada1bb07fd2a7f3550c230584c.jpg,640,640,CustomZone-Poem,116,71,304,552
plutei_canvas_canvas_c54_jpg.rf.048b82ada1bb07fd2a7f3550c230584c.jpg,640,640,CustomZone-Poem,313,69,512,555
plutei_canvas_canvas_c54_jpg.rf.048b82ada1bb07fd2a7f3550c230584c.jpg,640,640,DropCapitalZone,292,252,332,318
plutei_canvas_canvas_c43_jpg.rf.93e82d6313b1d36920a9c14bf7a8f801.jpg,640,640,CustomZone-Poem,329,59,519,547
plutei_canvas_canvas_c43_jpg.rf.93e82d6313b1d36920a9c14bf7a8f801.jpg,640,640,CustomZone-Poem,131,61,322,547
plutei_canvas_canvas_c142_jpg.rf.ca6b9765555ed281d4c3b97c38608845.jpg,640,640,CustomZone-Poem,101,69,308,550
plutei_canvas_canvas_c142_jpg.rf.ca6b9765555ed281d4c3b97c38608845.jpg,640,640,CustomZone-Poem,311,69,498,562
plutei_canvas_canvas_c142_jpg.rf.ca6b9765555ed281d4c3b97c38608845.jpg,640,640,DropCapitalZone,98,139,140,186
plutei_canvas_canvas_c52_jpg.rf.ddd9bdbeb186a6a7c6d0479be79c3b9a.jpg,640,640,CustomZone-Poem,117,72,305,556
plutei_canvas_canvas_c52_jpg.rf.ddd9bdbeb186a6a7c6d0479be79c3b9a.jpg,640,640,CustomZone-Poem,314,69,497,552

plutei_canvas_canvas_c79_jpg.rf.d32ec4f3a1ff730f9b15989196118d86.jpg,640,640,CustomZone-Poem,335,62,525,552
plutei_canvas_canvas_c79_jpg.rf.d32ec4f3a1ff730f9b15989196118d86.jpg,640,640,CustomZone-Poem,131,64,331,557
plutei_canvas_canvas_c79_jpg.rf.d32ec4f3a1ff730f9b15989196118d86.jpg,640,640,DropCapitalZone,321,294,355,340
plutei_canvas_canvas_c63_jpg.rf.88e967cc450039a33a7187480c89e9ea.jpg,640,640,CustomZone-Poem,343,59,536,545
plutei_canvas_canvas_c63_jpg.rf.88e967cc450039a33a7187480c89e9ea.jpg,640,640,CustomZone-Poem,135,53,338,545
plutei_canvas_canvas_c63_jpg.rf.88e967cc450039a33a7187480c89e9ea.jpg,640,640,DropCapitalZone,124,81,164,151
plutei_canvas_canvas_c26_jpg.rf.547772d3bbec5b17c805b6282d0e893e.jpg,640,640,CustomZone-Poem,114,73,300,556
plutei_canvas_canvas_c26_jpg.rf.547772d3bbec5b17c805b6282d0e893e.jpg,640,640,DropCapitalZone,294,283,336,333
plutei_canvas_canvas_c26_jpg.rf.547772d3bbec5b17c805b6282d0e893e.jpg,640,640,CustomZone-Poem,304,71,504,565

plutei_canvas_canvas_c50_jpg.rf.7e65f09188209415980336046044ba1e.jpg,640,640,CustomZone-Poem,115,74,304,552
plutei_canvas_canvas_c50_jpg.rf.7e65f09188209415980336046044ba1e.jpg,640,640,CustomZone-Poem,313,76,502,561
plutei_canvas_canvas_c91_jpg.rf.04a201e1be8e92976f3b982a01a566ad.jpg,640,640,CustomZone-Poem,133,70,332,561
plutei_canvas_canvas_c91_jpg.rf.04a201e1be8e92976f3b982a01a566ad.jpg,640,640,CustomZone-Poem,337,64,527,557
plutei_canvas_canvas_c100_jpg.rf.4559438891b3f40f66be5dda24c53229.jpg,640,640,CustomZone-Poem,94,71,289,559
plutei_canvas_canvas_c100_jpg.rf.4559438891b3f40f66be5dda24c53229.jpg,640,640,CustomZone-Poem,297,71,483,562
plutei_canvas_canvas_c100_jpg.rf.4559438891b3f40f66be5dda24c53229.jpg,640,640,DropCapitalZone,91,72,148,131
plutei_canvas_canvas_c92_jpg.rf.a65e6f35a63fdf57e7620a7e4eb26dfa.jpg,640,640,CustomZone-Poem,99,73,296,559
plutei_canvas_canvas_c92_jpg.rf.a65e6f35a63fdf57e7620a7e4eb26dfa.jpg,640,640,CustomZone-Poem,305,78,488,568
plutei_canvas_canvas_c92_jpg.rf.a65e6f35a63fdf57e7620a7e4eb26dfa.jpg,640,640,DropCapitalZone,85,309,126,370
plutei_canvas_canvas_c123_jpg.rf.231b8e8b56f3b4f17ab4005fe05815fc.jpg,640,640,CustomZone-Poem,145,69,337,552
plutei_canvas_canvas_c123_jpg.rf.231b8e8b56f3b4f17ab4005fe05815fc.jpg,640,640,CustomZone-Poem,340,69,542,561
plutei_canvas_canvas_c123_jpg.rf.231b8e8b56f3b4f17ab4005fe05815fc.jpg,640,640,DropCapitalZone,97,36,180,113

plutei_canvas_canvas_c21_jpg.rf.297a083304a50396048ef1f1f2858e53.jpg,640,640,CustomZone-Poem,336,57,521,545
plutei_canvas_canvas_c21_jpg.rf.297a083304a50396048ef1f1f2858e53.jpg,640,640,CustomZone-Poem,135,58,329,544
plutei_canvas_canvas_c96_jpg.rf.0630fb3ccfb54fc0f9ae60f013d974bf.jpg,640,640,CustomZone-Poem,103,76,292,560
plutei_canvas_canvas_c96_jpg.rf.0630fb3ccfb54fc0f9ae60f013d974bf.jpg,640,640,CustomZone-Poem,306,78,494,563
plutei_canvas_canvas_c96_jpg.rf.0630fb3ccfb54fc0f9ae60f013d974bf.jpg,640,640,DropCapitalZone,275,484,316,550

plutei_canvas_canvas_c62_jpg.rf.14c5e248f76fc1b951a54824f7eeefab.jpg,640,640,CustomZone-Poem,302,74,485,567
plutei_canvas_canvas_c62_jpg.rf.14c5e248f76fc1b951a54824f7eeefab.jpg,640,640,CustomZone-Poem,107,82,295,569

plutei_canvas_canvas_c33_jpg.rf.58edbe0850df0f34909d2e99a86ee01c.jpg,640,640,CustomZone-Poem,327,61,516,551
plutei_canvas_canvas_c33_jpg.rf.58edbe0850df0f34909d2e99a86ee01c.jpg,640,640,CustomZone-Poem,124,62,318,552
plutei_canvas_canvas_c33_jpg.rf.58edbe0850df0f34909d2e99a86ee01c.jpg,640,640,DropCapitalZone,301,172,349,223
plutei_canvas_canvas_c130_jpg.rf.862582966d93a97936bd7c7ba7736365.jpg,640,640,CustomZone-Poem,117,72,295,561
plutei_canvas_canvas_c130_jpg.rf.862582966d93a97936bd7c7ba7736365.jpg,640,640,CustomZone-Poem,301,73,505,571
plutei_canvas_canvas_c130_jpg.rf.862582966d93a97936bd7c7ba7736365.jpg,640,640,DropCapitalZone,273,408,318,467
plutei_canvas_canvas_c157_jpg.rf.d7d8397e29a71aad3a768e1410868b26.jpg,640,640,CustomZone-Poem,154,70,355,561
plutei_canvas_canvas_c157_jpg.rf.d7d8397e29a71aad3a768e1410868b26.jpg,640,640,CustomZone-Poem,356,66,545,568
plutei_canvas_canvas_c67_jpg.rf.9ccf44a5b773d07980146ede6ba851de.jpg,640,640,CustomZone-Poem,345,56,533,551
plutei_canvas_canvas_c67_jpg.rf.9ccf44a5b773d07980146ede6ba851de.jpg,640,640,CustomZone-Poem,138,61,338,546
plutei_canvas_canvas_c67_jpg.rf.9ccf44a5b773d07980146ede6ba851de.jpg,640,640,DropCapitalZone,320,85,368,145
plutei_canvas_canvas_c71_jpg.rf.b8561a266a6423cdbc3360e7206a4cc3.jpg,640,640,CustomZone-Poem,138,58,329,550
plutei_canvas_canvas_c71_jpg.rf.b8561a266a6423cdbc3360e7206a4cc3.jpg,640,640,CustomZone-Poem,330,61,520,557
plutei_canvas_canvas_c72_jpg.rf.844d7f8727ad4e510803940c98ad1576.jpg,640,640,CustomZone-Poem,311,77,502,560
plutei_canvas_canvas_c72_jpg.rf.844d7f8727ad4e510803940c98ad1576.jpg,640,640,CustomZone-Poem,117,74,303,552
plutei_canvas_canvas_c72_jpg.rf.844d7f8727ad4e510803940c98ad1576.jpg,640,640,DropCapitalZone,110,111,152,155
plutei_canvas_canvas_c78_jpg.rf.d269c3b5b35075b867496d0fdf2f0436.jpg,640,640,CustomZone-Poem,305,83,486,569
plutei_canvas_canvas_c78_jpg.rf.d269c3b5b35075b867496d0fdf2f0436.jpg,640,640,CustomZone-Poem,105,78,293,556
plutei_canvas_canvas_c78_jpg.rf.d269c3b5b35075b867496d0fdf2f0436.jpg,640,640,DropCapitalZone,92,302,132,345
plutei_canvas_canvas_c6_jpg.rf.2342c7a917d6970ac3b01376e4ba2a19.jpg,640,640,DropCapitalZone,99,152,142,214
plutei_canvas_canvas_c6_jpg.rf.2342c7a917d6970ac3b01376e4ba2a19.jpg,640,640,CustomZone-Poem,109,76,296,557
plutei_canvas_canvas_c6_jpg.rf.2342c7a917d6970ac3b01376e4ba2a19.jpg,640,640,CustomZone-Poem,308,75,493,559



plutei_canvas_canvas_c98_jpg.rf.755db487d7f9c9afd1c50be58d85e2a0.jpg,640,640,CustomZone-Poem,306,77,493,562
plutei_canvas_canvas_c98_jpg.rf.755db487d7f9c9afd1c50be58d85e2a0.jpg,640,640,CustomZone-Poem,103,74,297,561
plutei_canvas_canvas_c98_jpg.rf.755db487d7f9c9afd1c50be58d85e2a0.jpg,640,640,DropCapitalZone,95,472,135,540
plutei_canvas_canvas_c117_jpg.rf.67260a00c41ef12ad0a9f25f10eeeffb.jpg,640,640,CustomZone-Poem,131,70,339,550
plutei_canvas_canvas_c117_jpg.rf.67260a00c41ef12ad0a9f25f10eeeffb.jpg,640,640,CustomZone-Poem,338,68,542,559
plutei_canvas_canvas_c27_jpg.rf.90ab89fea72e384d27e028b1f105b789.jpg,640,640,CustomZone-Poem,334,66,525,565
plutei_canvas_canvas_c27_jpg.rf.90ab89fea72e384d27e028b1f105b789.jpg,640,640,CustomZone-Poem,132,65,326,556
plutei_canvas_canvas_c122_jpg.rf.9410e59aeb560ee3791b56c268019063.jpg,640,640,CustomZone-Poem,99,72,299,549
plutei_canvas_canvas_c122_jpg.rf.9410e59aeb560ee3791b56c268019063.jpg,640,640,CustomZone-Poem,303,70,505,554
plutei_canvas_canvas_c46_jpg.rf.783c038d525a9c6c39e719ad7904423b.jpg,640,640,CustomZone-Poem,117,72,300,550
plutei_canvas_canvas_c46_jpg.rf.783c038d525a9c6c39e719ad7904423b.jpg,640,640,CustomZone-Poem,309,68,497,555
plutei_canvas_canvas_c84_jpg.rf.70abd1b4e576620d99de81d964937c34.jpg,640,640,CustomZone-Poem,309,79,497,561
plutei_canvas_canvas_c84_jpg.rf.70abd1b4e576620d99de81d964937c34.jpg,640,640,CustomZone-Poem,104,77,299,559
plutei_canvas_canvas_c84_jpg.rf.70abd1b4e576620d99de81d964937c34.jpg,640,640,DropCapitalZone,97,430,130,472
plutei_canvas_canvas_c126_jpg.rf.dfa4ad361370a8aa60e2833f95c8d58e.jpg,640,640,CustomZone-Poem,102,80,294,559
plutei_canvas_canvas_c126_jpg.rf.dfa4ad361370a8aa60e2833f95c8d58e.jpg,640,640,CustomZone-Poem,301,72,499,554
plutei_canvas_canvas_c126_jpg.rf.dfa4ad361370a8aa60e2833f95c8d58e.jpg,640,640,DropCapitalZone,94,280,136,336
plutei_canvas_canvas_c36_jpg.rf.4f53b391390c7eefdd5bdac25ed20e13.jpg,640,640,CustomZone-Poem,310,77,488,560
plutei_canvas_canvas_c36_jpg.rf.4f53b391390c7eefdd5bdac25ed20e13.jpg,640,640,CustomZone-Poem,108,78,298,556
plutei_canvas_canvas_c36_jpg.rf.4f53b391390c7eefdd5bdac25ed20e13.jpg,640,640,DropCapitalZone,105,418,134,472
plutei_canvas_canvas_c132_jpg.rf.176e27df09140eb1a39eba01247122dc.jpg,640,640,CustomZone-Poem,105,68,300,553
plutei_canvas_canvas_c132_jpg.rf.176e27df09140eb1a39eba01247122dc.jpg,640,640,DropCapitalZone,85,438,133,505
plutei_canvas_canvas_c132_jpg.rf.176e27df09140eb1a39eba01247122dc.jpg,640,640,CustomZone-Poem,299,67,496,560
plutei_canvas_canvas_c137_jpg.rf.84752f980c67f9673dc045a3525c953f.jpg,640,640,CustomZone-Poem,143,66,343,560
plutei_canvas_canvas_c137_jpg.rf.84752f980c67f9673dc045a3525c953f.jpg,640,640,CustomZone-Poem,349,65,553,563
plutei_canvas_canvas_c137_jpg.rf.84752f980c67f9673dc045a3525c953f.jpg,640,640,DropCapitalZone,109,300,194,401
plutei_canvas_canvas_c139_jpg.rf.522eb834f935769d2adb3afda2c9ba82.jpg,640,640,CustomZone-Poem,351,75,535,562
plutei_canvas_canvas_c139_jpg.rf.522eb834f935769d2adb3afda2c9ba82.jpg,640,640,CustomZone-Poem,153,73,348,564



plutei_canvas_canvas_c145_jpg.rf.9e31e53f1ea06dad075389517ed24380.jpg,640,640,CustomZone-Poem,142,72,344,570
plutei_canvas_canvas_c145_jpg.rf.9e31e53f1ea06dad075389517ed24380.jpg,640,640,DropCapitalZone,99,485,187,586
plutei_canvas_canvas_c145_jpg.rf.9e31e53f1ea06dad075389517ed24380.jpg,640,640,CustomZone-Poem,354,77,539,571
plutei_canvas_canvas_c110_jpg.rf.6aae2eaf3437e30f7a6bc9a69a2af47c.jpg,640,640,CustomZone-Poem,111,72,299,551
plutei_canvas_canvas_c110_jpg.rf.6aae2eaf3437e30f7a6bc9a69a2af47c.jpg,640,640,CustomZone-Poem,300,74,504,561
plutei_canvas_canvas_c110_jpg.rf.6aae2eaf3437e30f7a6bc9a69a2af47c.jpg,640,640,DropCapitalZone,111,140,154,189

plutei_canvas_canvas_c47_jpg.rf.ea2513d0d8dbb341695af4c6a94a2cf5.jpg,640,640,CustomZone-Poem,332,55,524,545
plutei_canvas_canvas_c47_jpg.rf.ea2513d0d8dbb341695af4c6a94a2cf5.jpg,640,640,CustomZone-Poem,133,64,326,556
plutei_canvas_canvas_c47_jpg.rf.ea2513d0d8dbb341695af4c6a94a2cf5.jpg,640,640,DropCapitalZone,103,49,155,109
plutei_canvas_canvas_c115_jpg.rf.56726d53749f9644145745838e2e717c.jpg,640,640,CustomZone-Poem,136,66,345,542
plutei_canvas_canvas_c115_jpg.rf.56726d53749f9644145745838e2e717c.jpg,640,640,CustomZone-Poem,348,67,544,550
plutei_canvas_canvas_c148_jpg.rf.b45810f3efb76b40ef10b2019e83bcd3.jpg,640,640,CustomZone-Poem,303,68,499,567
plutei_canvas_canvas_c148_jpg.rf.b45810f3efb76b40ef10b2019e83bcd3.jpg,640,640,CustomZone-Poem,102,77,296,563
plutei_canvas_canvas_c148_jpg.rf.b45810f3efb76b40ef10b2019e83bcd3.jpg,640,640,DropCapitalZone,278,283,321,341
plutei_canvas_canvas_c133_jpg.rf.cacf69ea2b3f8b41380c41c13ed4eb75.jpg,640,640,CustomZone-Poem,138,60,349,552
plutei_canvas_canvas_c133_jpg.rf.cacf69ea2b3f8b41380c41c13ed4eb75.jpg,640,640,CustomZone-Poem,354,61,542,560

plutei_canvas_canvas_c14_jpg.rf.711b9feefd62c8c5c081ebbc33ba7235.jpg,640,640,CustomZone-Poem,111,73,300,563
plutei_canvas_canvas_c14_jpg.rf.711b9feefd62c8c5c081ebbc33ba7235.jpg,640,640,CustomZone-Poem,308,75,492,567
plutei_canvas_canvas_c85_jpg.rf.2eddbf02050515497aa965242991ba00.jpg,640,640,CustomZone-Poem,334,60,524,549
plutei_canvas_canvas_c85_jpg.rf.2eddbf02050515497aa965242991ba00.jpg,640,640,CustomZone-Poem,132,60,327,545



plutei_canvas_canvas_c15_jpg.rf.06dbe023433d2f2ace400884ca4a61ca.jpg,640,640,CustomZone-Poem,130,62,328,550
plutei_canvas_canvas_c15_jpg.rf.06dbe023433d2f2ace400884ca4a61ca.jpg,640,640,CustomZone-Poem,337,63,525,549
plutei_canvas_canvas_c15_jpg.rf.06dbe023433d2f2ace400884ca4a61ca.jpg,640,640,DropCapitalZone,96,223,159,300


plutei_canvas_canvas_c149_jpg.rf.2d0946b5fe9361aaec0c50688e03b21e.jpg,640,640,CustomZone-Poem,140,67,345,556
plutei_canvas_canvas_c149_jpg.rf.2d0946b5fe9361aaec0c50688e03b21e.jpg,640,640,CustomZone-Poem,349,65,540,564
plutei_canvas_canvas_c73_jpg.rf.350255b9c672d9ad249a8d5cf3dda918.jpg,640,640,CustomZone-Poem,331,63,523,562
plutei_canvas_canvas_c73_jpg.rf.350255b9c672d9ad249a8d5cf3dda918.jpg,640,640,CustomZone-Poem,133,66,323,563
plutei_canvas_canvas_c73_jpg.rf.350255b9c672d9ad249a8d5cf3dda918.jpg,640,640,DropCapitalZone,319,125,352,166
plutei_canvas_canvas_c25_jpg.rf.62a6e57f4c5d695e374e6d4b8d2ea1dd.jpg,640,640,CustomZone-Poem,129,66,326,547
plutei_canvas_canvas_c25_jpg.rf.62a6e57f4c5d695e374e6d4b8d2ea1dd.jpg,640,640,CustomZone-Poem,333,59,517,545
plutei_canvas_canvas_c25_jpg.rf.62a6e57f4c5d695e374e6d4b8d2ea1dd.jpg,640,640,DropCapitalZone,93,267,165,363
plutei_canvas_canvas_c113_jpg.rf.86a4db0712b63f26b12fa06d0ee8d91f.jpg,640,640,CustomZone-Poem,136,73,345,554
plutei_canvas_canvas_c113_jpg.rf.86a4db0712b63f26b12fa06d0ee8d91f.jpg,640,640,DropCapitalZone,100,285,182,391
plutei_canvas_canvas_c113_jpg.rf.86a4db0712b63f26b12fa06d0ee8d91f.jpg,640,640,CustomZone-Poem,339,72,542,567
plutei_canvas_canvas_c147_jpg.rf.6080e286f689cf032ea84d551bf80576.jpg,640,640,CustomZone-Poem,151,68,350,561
plutei_canvas_canvas_c147_jpg.rf.6080e286f689cf032ea84d551bf80576.jpg,640,640,CustomZone-Poem,355,68,545,559
plutei_canvas_canvas_c147_jpg.rf.6080e286f689cf032ea84d551bf80576.jpg,640,640,DropCapitalZone,106,49,186,130
plutei_canvas_canvas_c7_jpg.rf.e8757955dd13e8e81da5597de416cf1f.jpg,640,640,CustomZone-Poem,136,63,336,552
plutei_canvas_canvas_c7_jpg.rf.e8757955dd13e8e81da5597de416cf1f.jpg,640,640,CustomZone-Poem,337,58,529,557
plutei_canvas_canvas_c7_jpg.rf.e8757955dd13e8e81da5597de416cf1f.jpg,640,640,DropCapitalZone,313,137,359,198



plutei_canvas_canvas_c90_jpg.rf.985a88ce1ecbcacd60a9be2783dac18b.jpg,640,640,CustomZone-Poem,306,74,489,565
plutei_canvas_canvas_c90_jpg.rf.985a88ce1ecbcacd60a9be2783dac18b.jpg,640,640,CustomZone-Poem,99,76,298,560
plutei_canvas_canvas_c90_jpg.rf.985a88ce1ecbcacd60a9be2783dac18b.jpg,640,640,DropCapitalZone,280,399,317,452


plutei_canvas_canvas_c88_jpg.rf.e59ebc76d7285479a758df1abbf19790.jpg,640,640,CustomZone-Poem,102,81,296,555
plutei_canvas_canvas_c88_jpg.rf.e59ebc76d7285479a758df1abbf19790.jpg,640,640,CustomZone-Poem,305,83,493,559
plutei_canvas_canvas_c31_jpg.rf.4ddd73c7293a951a01edd4f422a867fe.jpg,640,640,CustomZone-Poem,332,65,512,548
plutei_canvas_canvas_c31_jpg.rf.4ddd73c7293a951a01edd4f422a867fe.jpg,640,640,CustomZone-Poem,125,66,316,551
plutei_canvas_canvas_c81_jpg.rf.594dbd83d1b19336305935cd87695b5e.jpg,640,640,CustomZone-Poem,340,62,530,550
plutei_canvas_canvas_c81_jpg.rf.594dbd83d1b19336305935cd87695b5e.jpg,640,640,CustomZone-Poem,134,61,330,547
plutei_canvas_canvas_c81_jpg.rf.594dbd83d1b19336305935cd87695b5e.jpg,640,640,DropCapitalZone,106,287,169,378

plutei_canvas_canvas_c154_jpg.rf.ad6ca5633431c9bd85afec492c5cc324.jpg,640,640,CustomZone-Poem,92,69,288,554
plutei_canvas_canvas_c154_jpg.rf.ad6ca5633431c9bd85afec492c5cc324.jpg,640,640,CustomZone-Poem,297,68,483,557
plutei_canvas_canvas_c83_jpg.rf.d728e0ce4aa1514bab2261a69e264e9a.jpg,640,640,CustomZone-Poem,337,62,539,548
plutei_canvas_canvas_c83_jpg.rf.d728e0ce4aa1514bab2261a69e264e9a.jpg,640,640,CustomZone-Poem,134,63,328,546


plutei_canvas_canvas_c48_jpg.rf.404d554294348f4919e6c6a42b8d41f0.jpg,640,640,CustomZone-Poem,309,68,505,554
plutei_canvas_canvas_c48_jpg.rf.404d554294348f4919e6c6a42b8d41f0.jpg,640,640,CustomZone-Poem,120,79,304,551
plutei_canvas_canvas_c48_jpg.rf.404d554294348f4919e6c6a42b8d41f0.jpg,640,640,DropCapitalZone,103,456,147,516
plutei_canvas_canvas_c144_jpg.rf.53ace86560d6f50b809e445af14296e1.jpg,640,640,CustomZone-Poem,100,73,296,555
plutei_canvas_canvas_c144_jpg.rf.53ace86560d6f50b809e445af14296e1.jpg,640,640,CustomZone-Poem,304,72,499,568
plutei_canvas_canvas_c55_jpg.rf.60d0b9e4045ba7e8a3bf99d4e6f355fc.jpg,640,640,CustomZone-Poem,336,58,523,544
plutei_canvas_canvas_c55_jpg.rf.60d0b9e4045ba7e8a3bf99d4e6f355fc.jpg,640,640,CustomZone-Poem,133,57,329,545

plutei_canvas_canvas_c45_jpg.rf.af0efc2a159b63ae8b83b3ac179136d4.jpg,640,640,DropCapitalZone,311,120,366,182
plutei_canvas_canvas_c45_jpg.rf.af0efc2a159b63ae8b83b3ac179136d4.jpg,640,640,CustomZone-Poem,139,50,318,547
plutei_canvas_canvas_c45_jpg.rf.af0efc2a159b63ae8b83b3ac179136d4.jpg,640,640,CustomZone-Poem,331,51,522,551
plutei_canvas_canvas_c30_jpg.rf.2bcf9f64ce740fe7c1dccf75465a77e4.jpg,640,640,CustomZone-Poem,114,75,300,554
plutei_canvas_canvas_c30_jpg.rf.2bcf9f64ce740fe7c1dccf75465a77e4.jpg,640,640,CustomZone-Poem,315,80,495,563
plutei_canvas_canvas_c30_jpg.rf.2bcf9f64ce740fe7c1dccf75465a77e4.jpg,640,640,DropCapitalZone,291,449,331,500
plutei_canvas_canvas_c80_jpg.rf.719cc40d5120d29709bdc5b132e90440.jpg,640,640,CustomZone-Poem,104,77,292,551
plutei_canvas_canvas_c80_jpg.rf.719cc40d5120d29709bdc5b132e90440.jpg,640,640,CustomZone-Poem,301,80,490,554

plutei_canvas_canvas_c28_jpg.rf.cdb1f10af2a9ed9b3b7cb9de89ce9b2c.jpg,640,640,CustomZone-Poem,116,74,299,555
plutei_canvas_canvas_c28_jpg.rf.cdb1f10af2a9ed9b3b7cb9de89ce9b2c.jpg,640,640,CustomZone-Poem,309,75,493,562
plutei_canvas_canvas_c28_jpg.rf.cdb1f10af2a9ed9b3b7cb9de89ce9b2c.jpg,640,640,DropCapitalZone,103,106,153,155
plutei_canvas_canvas_c151_jpg.rf.d1c3cd0dde4ec771eaf0b9e4afc3a4d1.jpg,640,640,CustomZone-Poem,357,70,542,568
plutei_canvas_canvas_c151_jpg.rf.d1c3cd0dde4ec771eaf0b9e4afc3a4d1.jpg,640,640,CustomZone-Poem,152,69,348,567
plutei_canvas_canvas_c151_jpg.rf.d1c3cd0dde4ec771eaf0b9e4afc3a4d1.jpg,640,640,DropCapitalZone,327,454,375,514
plutei_canvas_canvas_c40_jpg.rf.e0be302e4e0d94496ccaa461d37ff498.jpg,640,640,CustomZone-Poem,117,73,302,550
plutei_canvas_canvas_c40_jpg.rf.e0be302e4e0d94496ccaa461d37ff498.jpg,640,640,CustomZone-Poem,311,69,488,553

plutei_canvas_canvas_c111_jpg.rf.d519fb0a8238201ab05940caa5177baa.jpg,640,640,CustomZone-Poem,129,57,335,563
plutei_canvas_canvas_c111_jpg.rf.d519fb0a8238201ab05940caa5177baa.jpg,640,640,CustomZone-Poem,338,57,544,565
plutei_canvas_canvas_c111_jpg.rf.d519fb0a8238201ab05940caa5177baa.jpg,640,640,DropCapitalZone,330,229,366,273
plutei_canvas_canvas_c86_jpg.rf.b4d5d019dce3d1f94d261230438200ae.jpg,640,640,CustomZone-Poem,304,76,505,560
plutei_canvas_canvas_c86_jpg.rf.b4d5d019dce3d1f94d261230438200ae.jpg,640,640,CustomZone-Poem,109,78,296,554
plutei_canvas_canvas_c86_jpg.rf.b4d5d019dce3d1f94d261230438200ae.jpg,640,640,DropCapitalZone,107,78,140,120
plutei_canvas_canvas_c20_jpg.rf.77ed7a25499a1166a25de7bc223b40d7.jpg,640,640,CustomZone-Poem,114,74,300,554
plutei_canvas_canvas_c20_jpg.rf.77ed7a25499a1166a25de7bc223b40d7.jpg,640,640,CustomZone-Poem,315,78,502,567
plutei_canvas_canvas_c20_jpg.rf.77ed7a25499a1166a25de7bc223b40d7.jpg,640,640,DropCapitalZone,294,442,325,510

plutei_canvas_canvas_c146_jpg.rf.71ca8c7c75f6ece32b4b63c587826ace.jpg,640,640,CustomZone-Poem,101,73,302,555
plutei_canvas_canvas_c146_jpg.rf.71ca8c7c75f6ece32b4b63c587826ace.jpg,640,640,CustomZone-Poem,307,72,502,558

plutei_canvas_canvas_c136_jpg.rf.5acc4fc7a644194e093b2e9dfc80cad0.jpg,640,640,CustomZone-Poem,99,69,297,551
plutei_canvas_canvas_c136_jpg.rf.5acc4fc7a644194e093b2e9dfc80cad0.jpg,640,640,CustomZone-Poem,298,68,498,552
plutei_canvas_canvas_c124_jpg.rf.9c29a75fa7287d2696f7ff278d8ee9cf.jpg,640,640,CustomZone-Poem,94,78,298,555
plutei_canvas_canvas_c124_jpg.rf.9c29a75fa7287d2696f7ff278d8ee9cf.jpg,640,640,DropCapitalZone,286,160,327,216
plutei_canvas_canvas_c124_jpg.rf.9c29a75fa7287d2696f7ff278d8ee9cf.jpg,640,640,CustomZone-Poem,302,79,516,565
plutei_canvas_canvas_c70_jpg.rf.c1c9207b819884c207c8c8dbbeb722de.jpg,640,640,CustomZone-Poem,111,74,296,551
plutei_canvas_canvas_c70_jpg.rf.c1c9207b819884c207c8c8dbbeb722de.jpg,640,640,CustomZone-Poem,303,75,490,559
plutei_canvas_canvas_c70_jpg.rf.c1c9207b819884c207c8c8dbbeb722de.jpg,640,640,DropCapitalZone,279,107,322,161


plutei_canvas_canvas_c58_jpg.rf.f64278bd6f7215bcf44fc6f1f60914f1.jpg,640,640,CustomZone-Poem,305,69,500,565
plutei_canvas_canvas_c58_jpg.rf.f64278bd6f7215bcf44fc6f1f60914f1.jpg,640,640,CustomZone-Poem,114,80,299,560
plutei_canvas_canvas_c58_jpg.rf.f64278bd6f7215bcf44fc6f1f60914f1.jpg,640,640,DropCapitalZone,283,116,335,166

plutei_canvas_canvas_c35_jpg.rf.e5dc5c30d63ef1e01c480dd7f9984c72.jpg,640,640,CustomZone-Poem,324,66,515,552
plutei_canvas_canvas_c35_jpg.rf.e5dc5c30d63ef1e01c480dd7f9984c72.jpg,640,640,CustomZone-Poem,123,70,315,557